node_i,node_j,p_value
asia,bronc,1.0
asia,dysp,1.0
asia,either,1.0
asia,smoke,1.0
asia,tub,1.0
asia,xray,1.0
bronc,dysp,2.2585546269571616e-12
bronc,either,0.5161453771770408
bronc,xray,0.27141044881576154
either,dysp,0.3518965409275465
either,xray,1.3149116296737695e-07
smoke,bronc,0.0927671090666557
smoke,dysp,0.42892633543060976
smoke,either,0.10106255449101063
smoke,xray,0.006532579602459645
tub,bronc,1.0
tub,dysp,1.0
tub,either,1.0
tub,smoke,1.0
tub,xray,1.0
xray,dysp,0.924567669946899
